{
    "id": "nope.pathtracer",
    "name": "Path Tracer",
    "version": "0.0.11",
    "authors": "Nope",
    "description": "This mod is in beta ! Feel free to report any issues !\nTraces the path slugcat has followed during a game session. \nMore details on features at https://codeberg.org/catsoft/RainWorldMods/src/branch/main/PathTracer#readme",
    "requirements": [],
    "requirements_names": [],
    "checksum_override_version": true,
    "hide_version": false,
    "source": "https://codeberg.org/catsoft/RainWorldMods/src/branch/main/PathTracer#readme",
  }
