{
    "id": "nope.show.me.my.echoes",
    "name": "Show Me My Echoes",
    "version": "0.1.1",
    "authors": "Nope",
    "description": "This mod shows regions where you met an echo inside the Collectibles Tracker.<LINE>From the Remix menu, you can configure if the mod is enabled, if you want primed echoes to show up, and if you want never-before seen echoes to show up.",
    "requirements": ["rwremix"],
    "requirements_names": ["Rain World Remix"],
    "checksum_override_version": true,
    "hide_version": false
  }
