{
    "id": "nope.collectibles.on.char.select",
    "name": "Show Collectibles on Slugcat Select",
    "version": "0.1.2",
    "authors": "Nope",
    "description": "This mod makes the tokens (or collectibles) appear on character select menu.<LINE>This is threaded and should not impact performance, but it can be switched on and off dynamically from the Remix page.<LINE>This mod requires Rain World Remix to be enabled, and is not compatible with Improved Collectibles Tracker for now :c",
    "requirements": ["rwremix"],
    "requirements_names": ["Rain World Remix"],
    "checksum_override_version": true,
    "hide_version": false
  }
